"id","code_prefix_start","code_prefix_end","name","name@ao"
"group_ao_0","0","0","PLANO DE CONTAS ANGOLA (PGCA)","PLANO DE CONTAS ANGOLA (PGCA)"
"group_ao_1","1","1","MEIOS FIXOS E INVESTIMENTOS","MEIOS FIXOS E INVESTIMENTOS"
"group_ao_11","11","11","IMOBILIZACOES CORPOREAS","IMOBILIZACOES CORPOREAS"
"group_ao_111","111","111","Terrenos e recursos naturais","Terrenos e recursos naturais"
"group_ao_112","112","112","Edifícios e outras construções","Edifícios e outras construções"
"group_ao_113","113","113","Equipamento básico","Equipamento básico"
"group_ao_114","114","114","Equipamentos de carga e transporte","Equipamentos de carga e transporte"
"group_ao_115","115","115","Equipamento administrativo","Equipamento administrativo"
"group_ao_116","116","116","Taras e vasilhame","Taras e vasilhame"
"group_ao_119","119","119","Outras imobilizações corpóreas","Outras imobilizações corpóreas"
"group_ao_12","12","12","IMOBILIZACOES INCORPOREAS","IMOBILIZACOES INCORPOREAS"
"group_ao_121","121","121","Trespasses","Trespasses"
"group_ao_122","122","122","Despesas de investigação e desenvolvimento","Despesas de investigação e desenvolvimento"
"group_ao_123","123","123","Propriedade industrial e outros direitos e contratos","Propriedade industrial e outros direitos e contratos"
"group_ao_124","124","124","Despesas de constituição","Despesas de constituição"
"group_ao_129","129","129","Outras imobilizações incorpóreas","Outras imobilizações incorpóreas"
"group_ao_13","13","13","INVESTIMENTOS FINANCEIROS","INVESTIMENTOS FINANCEIROS"
"group_ao_131","131","131","Empresas subsidiárias","Empresas subsidiárias"
"group_ao_132","132","132","Empresas associadas","Empresas associadas"
"group_ao_133","133","133","Outras empresas","Outras empresas"
"group_ao_134","134","134","Investimentos em imóveis","Investimentos em imóveis"
"group_ao_135","135","135","Fundos","Fundos"
"group_ao_139","139","139","Outros investimentos financeiros","Outros investimentos financeiros"
"group_ao_14","14","14","IMOBILIZACOES EM CURSO","IMOBILIZACOES EM CURSO"
"group_ao_141","141","141","Obra em curso...","Obra em curso..."
"group_ao_142","142","142","Obra em curso","Obra em curso"
"group_ao_147","147","147","Adiantamentos por conta de imobilizado corpóreo","Adiantamentos por conta de imobilizado corpóreo"
"group_ao_148","148","148","Adiantamento por conta de imobilizado incorpóreo","Adiantamento por conta de imobilizado incorpóreo"
"group_ao_149","149","149","Adiantamentos por conta de investimentos financeiros","Adiantamentos por conta de investimentos financeiros"
"group_ao_18","18","18","AMORTIZACOES ACUMULADAS","AMORTIZACOES ACUMULADAS"
"group_ao_181","181","181","Imobilizações corpóreas","Imobilizações corpóreas"
"group_ao_182","182","182","Imobilizações incorpóreas","Imobilizações incorpóreas"
"group_ao_183","183","183","Investimentos financeiros em imóveis","Investimentos financeiros em imóveis"
"group_ao_19","19","19","PROVISOES PARA INVESTIMENTOS FINANCEIROS","PROVISOES PARA INVESTIMENTOS FINANCEIROS"
"group_ao_191","191","191","Empresas subsidiárias","Empresas subsidiárias"
"group_ao_192","192","192","Empresas associadas","Empresas associadas"
"group_ao_193","193","193","Outras empresas","Outras empresas"
"group_ao_194","194","194","Fundos","Fundos"
"group_ao_199","199","199","Outros investimentos financeiros","Outros investimentos financeiros"
"group_ao_2","2","2","EXISTENCIAS","EXISTENCIAS"
"group_ao_21","21","21","COMPRAS","COMPRAS"
"group_ao_211","211","211","Matérias-primas, subsidiárias e de consumo","Matérias-primas, subsidiárias e de consumo"
"group_ao_2111","2111","2111","Matérias-primas","Matérias-primas"
"group_ao_21111","21111","21111","Mp.-Mercado Nacional","Mp.-Mercado Nacional"
"group_ao_21112","21112","21112","Mp.-Mercado Estrangeiro","Mp.-Mercado Estrangeiro"
"group_ao_2112","2112","2112","Matérias subsidiárias","Matérias subsidiárias"
"group_ao_21121","21121","21121","Ms.-Mercado Nacional","Ms.-Mercado Nacional"
"group_ao_21122","21122","21122","Ms.-Mercado Estrangeiro","Ms.-Mercado Estrangeiro"
"group_ao_2113","2113","2113","Materiais diversos","Materiais diversos"
"group_ao_21131","21131","21131","Md.-Mercado Nacional","Md.-Mercado Nacional"
"group_ao_21132","21132","21132","Md.-Mercado Estrangeiro","Md.-Mercado Estrangeiro"
"group_ao_2114","2114","2114","Embalagens de consumo","Embalagens de consumo"
"group_ao_21141","21141","21141","Ec.-Mercado Nacional","Ec.-Mercado Nacional"
"group_ao_21142","21142","21142","Ec.Mercado estrangeiro","Ec.Mercado estrangeiro"
"group_ao_2115","2115","2115","Outros materiais","Outros materiais"
"group_ao_21151","21151","21151","Om.-Mercado Nacional","Om.-Mercado Nacional"
"group_ao_21152","21152","21152","Om.-Mercado Estrangeiro","Om.-Mercado Estrangeiro"
"group_ao_212","212","212","Mercadorias","Mercadorias"
"group_ao_2121","2121","2121","Mercadorias","Mercadorias"
"group_ao_21211","21211","21211","Mr.-Mercado Nacional","Mr.-Mercado Nacional"
"group_ao_21212","21212","21212","Mr.-Mercado Estrangeiro","Mr.-Mercado Estrangeiro"
"group_ao_214","214","214","Embalagens","Embalagens"
"group_ao_2141","2141","2141","Embalagens","Embalagens"
"group_ao_21411","21411","21411","Em.-Mercado Nacional","Em.-Mercado Nacional"
"group_ao_21412","21412","21412","Em.-Mercado estrangeiro","Em.-Mercado estrangeiro"
"group_ao_217","217","217","Devoluções de compras","Devoluções de compras"
"group_ao_2171","2171","2171","Materias-primas, súbs.e de consumo","Materias-primas, súbs.e de consumo"
"group_ao_21711","21711","21711","Matérias primas","Matérias primas"
"group_ao_21712","21712","21712","Matérias subsídiárias","Matérias subsídiárias"
"group_ao_21713","21713","21713","Materiais diversos","Materiais diversos"
"group_ao_21714","21714","21714","Embalagens de consumo","Embalagens de consumo"
"group_ao_21715","21715","21715","Outros materiais","Outros materiais"
"group_ao_2172","2172","2172","Mercadorias","Mercadorias"
"group_ao_21721","21721","21721","Mercadorias","Mercadorias"
"group_ao_21722","21722","21722","Embalagens","Embalagens"
"group_ao_218","218","218","Descontos e abatimentos em compras","Descontos e abatimentos em compras"
"group_ao_2181","2181","2181","Materias-primas, súbs.e de consumo","Materias-primas, súbs.e de consumo"
"group_ao_21811","21811","21811","Matérias primas","Matérias primas"
"group_ao_21812","21812","21812","Matérias subsídiárias","Matérias subsídiárias"
"group_ao_21813","21813","21813","Materiais diversos","Materiais diversos"
"group_ao_21814","21814","21814","Embalagens de consumo","Embalagens de consumo"
"group_ao_21815","21815","21815","Outros materiais","Outros materiais"
"group_ao_2182","2182","2182","Mercadorias","Mercadorias"
"group_ao_21821","21821","21821","Mercadorias","Mercadorias"
"group_ao_21824","21824","21824","Embalagens","Embalagens"
"group_ao_219","219","219","Descontos diversos","Descontos diversos"
"group_ao_22","22","22","MATERIAS-PRIMAS, SUBSIDIARIAS E DE CONSUMO","MATERIAS-PRIMAS, SUBSIDIARIAS E DE CONSUMO"
"group_ao_221","221","221","Materias primas","Materias primas"
"group_ao_222","222","222","Materias subsidiarias","Materias subsidiarias"
"group_ao_223","223","223","Materiais diversos","Materiais diversos"
"group_ao_224","224","224","Embalagens de consumo","Embalagens de consumo"
"group_ao_225","225","225","Outros materiais","Outros materiais"
"group_ao_229","229","229","Adiantamentos a Fornecedores","Adiantamentos a Fornecedores"
"group_ao_23","23","23","PRODUTOS E TRABALHOS EM CURSO","PRODUTOS E TRABALHOS EM CURSO"
"group_ao_231","231","231","Ptc-Existências","Ptc-Existências"
"group_ao_232","232","232","........................................","........................................"
"group_ao_24","24","24","PRODUTOS ACABADOS E INTERMEDIOS","PRODUTOS ACABADOS E INTERMEDIOS"
"group_ao_241","241","241","Produtos acabados","Produtos acabados"
"group_ao_242","242","242","Produtos intermédios","Produtos intermédios"
"group_ao_249","249","249","Em poder de terceiros","Em poder de terceiros"
"group_ao_25","25","25","SUBPRODUTOS, DESPERDICIOS, RESIDUOS E REFUGOS","SUBPRODUTOS, DESPERDICIOS, RESIDUOS E REFUGOS"
"group_ao_251","251","251","Subprodutos","Subprodutos"
"group_ao_252","252","252","Desperdícios, resíduos e refugos","Desperdícios, resíduos e refugos"
"group_ao_26","26","26","MERCADORIAS","MERCADORIAS"
"group_ao_261","261","261","Mercadorias","Mercadorias"
"group_ao_262","262","262","Embalagens","Embalagens"
"group_ao_269","269","269","Em poder de terceiros","Em poder de terceiros"
"group_ao_27","27","27","MATERIAS-PRIMAS, MERC. E OUTROS MAT. EM TRANSITO","MATERIAS-PRIMAS, MERC. E OUTROS MAT. EM TRANSITO"
"group_ao_271","271","271","Matérias-primas","Matérias-primas"
"group_ao_272","272","272","Outros materiais","Outros materiais"
"group_ao_273","273","273","Mercadorias","Mercadorias"
"group_ao_28","28","28","ADIANTAMENTOS POR CONTA DE COMPRAS","ADIANTAMENTOS POR CONTA DE COMPRAS"
"group_ao_281","281","281","Matérias-primas e outros materiais","Matérias-primas e outros materiais"
"group_ao_282","282","282","Mercadorias","Mercadorias"
"group_ao_29","29","29","PROVISAO PARA DEPRECIACAO DE EXISTENCIAS","PROVISAO PARA DEPRECIACAO DE EXISTENCIAS"
"group_ao_291","291","291","Provisão para depreciação de existências","Provisão para depreciação de existências"
"group_ao_292","292","292","Matérias-primas, subsidiárias e de consumo","Matérias-primas, subsidiárias e de consumo"
"group_ao_293","293","293","Produtos e trabalhos em curso","Produtos e trabalhos em curso"
"group_ao_294","294","294","Produtos acabados e intermédios","Produtos acabados e intermédios"
"group_ao_295","295","295","Subprodutos, desperdícios, resíduos e refugos","Subprodutos, desperdícios, resíduos e refugos"
"group_ao_296","296","296","Mercadorias","Mercadorias"
"group_ao_3","3","3","TERCEIROS","TERCEIROS"
"group_ao_31","31","31","CLIENTES","CLIENTES"
"group_ao_311","311","311","Clientes correntes","Clientes correntes"
"group_ao_3111","3111","3111","Grupo","Grupo"
"group_ao_3112","3112","3112","Não Grupo","Não Grupo"
"group_ao_31121","31121","31121","Nacionais","Nacionais"
"group_ao_31122","31122","31122","Estrangeiros","Estrangeiros"
"group_ao_312","312","312","Clientes - títulos a receber","Clientes - títulos a receber"
"group_ao_3121","3121","3121","Grupo","Grupo"
"group_ao_3122","3122","3122","Não grupo","Não grupo"
"group_ao_313","313","313","Clientes - títulos descontados","Clientes - títulos descontados"
"group_ao_3131","3131","3131","Grupo","Grupo"
"group_ao_3132","3132","3132","Não grupo","Não grupo"
"group_ao_316","316","316","Clientes Retenções de garantia","Clientes Retenções de garantia"
"group_ao_318","318","318","Clientes de cobranças duvidosa","Clientes de cobranças duvidosa"
"group_ao_319","319","319","Clientes - saldos credores","Clientes - saldos credores"
"group_ao_32","32","32","FORNECEDORES","FORNECEDORES"
"group_ao_321","321","321","Fornecedores - correntes","Fornecedores - correntes"
"group_ao_3211","3211","3211","Grupo","Grupo"
"group_ao_3212","3212","3212","Não grupo","Não grupo"
"group_ao_32121","32121","32121","Nacionais","Nacionais"
"group_ao_32122","32122","32122","Estrangeiros","Estrangeiros"
"group_ao_322","322","322","Fornecedores - títulos a pagar","Fornecedores - títulos a pagar"
"group_ao_3221","3221","3221","Grupo","Grupo"
"group_ao_3222","3222","3222","Não Grupo","Não Grupo"
"group_ao_328","328","328","Facturas em recepção e conferência","Facturas em recepção e conferência"
"group_ao_329","329","329","Fornecedores - saldos devedores","Fornecedores - saldos devedores"
"group_ao_33","33","33","EMPRESTIMOS","EMPRESTIMOS"
"group_ao_331","331","331","Empréstimos bancários","Empréstimos bancários"
"group_ao_3311","3311","3311","Moeda nacional","Moeda nacional"
"group_ao_3312","3312","3312","Moeda estrangeira","Moeda estrangeira"
"group_ao_332","332","332","Empréstimos por obrigações","Empréstimos por obrigações"
"group_ao_3321","3321","3321","Convertíveis","Convertíveis"
"group_ao_3322","3322","3322","Não convertíveis","Não convertíveis"
"group_ao_333","333","333","Empréstimos por título de participação","Empréstimos por título de participação"
"group_ao_339","339","339","Outros empréstimos obtidos","Outros empréstimos obtidos"
"group_ao_34","34","34","ESTADO","ESTADO"
"group_ao_341","341","341","Imposto s/ lucros","Imposto s/ lucros"
"group_ao_342","342","342","Imposto de produção e consumo","Imposto de produção e consumo"
"group_ao_343","343","343","Imposto de rendimento de trabalho","Imposto de rendimento de trabalho"
"group_ao_344","344","344","Imposto de circulação","Imposto de circulação"
"group_ao_345","345","345","Imposto sobre o valor acrescentado","Imposto sobre o valor acrescentado"
"group_ao_3451","3451","3451","IVA Suportado","IVA Suportado"
"group_ao_3452","3452","3452","IVA - Dedutivel","IVA - Dedutivel"
"group_ao_34521","34521","34521","IVA Dedutível - Existências","IVA Dedutível - Existências"
"group_ao_345211","345211","345211","IVA - Ded. - Existências - 14%","IVA - Ded. - Existências - 14%"
"group_ao_3452111","3452111","3452111","IVA - Ded. Exist. - Mercado Interno","IVA - Ded. Exist. - Mercado Interno"
"group_ao_3452112","3452112","3452112","IVA - Ded. Exist. - M.Externo","IVA - Ded. Exist. - M.Externo"
"group_ao_345212","345212","345212","IVA - Ded. - Existências - 2%","IVA - Ded. - Existências - 2%"
"group_ao_3452121","3452121","3452121","IVA - Ded. Exist. - Mercado Interno","IVA - Ded. Exist. - Mercado Interno"
"group_ao_345213","345213","345213","IVA - Ded. - Existências - 5%","IVA - Ded. - Existências - 5%"
"group_ao_3452131","3452131","3452131","IVA - Ded. Exist. - Mercado Interno","IVA - Ded. Exist. - Mercado Interno"
"group_ao_345214","345214","345214","IVA - Ded. - Existências - 7%","IVA - Ded. - Existências - 7%"
"group_ao_3452141","3452141","3452141","IVA - Ded. Exist. - Mercado Interno","IVA - Ded. Exist. - Mercado Interno"
"group_ao_34522","34522","34522","Meios Fixos e Investimentos","Meios Fixos e Investimentos"
"group_ao_345221","345221","345221","IVA - Ded. - Meios Fixos e Inv. - 14%","IVA - Ded. - Meios Fixos e Inv. - 14%"
"group_ao_3452211","3452211","3452211","IVA - Ded. - Meios Fixos e Inv. - M. Interno","IVA - Ded. - Meios Fixos e Inv. - M. Interno"
"group_ao_3452212","3452212","3452212","IVA - Ded. - Meios Fixos e Invest. - M. Externo","IVA - Ded. - Meios Fixos e Invest. - M. Externo"
"group_ao_34523","34523","34523","Outros Bens e Serviços","Outros Bens e Serviços"
"group_ao_345231","345231","345231","IVA - Ded. - Outros Bens - 14%","IVA - Ded. - Outros Bens - 14%"
"group_ao_3452311","3452311","3452311","IVA - Ded. - Outros Bens - Mercado Interno","IVA - Ded. - Outros Bens - Mercado Interno"
"group_ao_3452312","3452312","3452312","IVA - Ded. - Outros Bens - M. Externo","IVA - Ded. - Outros Bens - M. Externo"
"group_ao_345232","345232","345232","IVA - Ded. - Serviços - 14%","IVA - Ded. - Serviços - 14%"
"group_ao_3452321","3452321","3452321","IVA - Ded. - Serviços - Mercado Interno","IVA - Ded. - Serviços - Mercado Interno"
"group_ao_345239","345239","345239","IVA - Ded. - Serviços - Autoliquidação","IVA - Ded. - Serviços - Autoliquidação"
"group_ao_3453","3453","3453","IVA Liquidado","IVA Liquidado"
"group_ao_34531","34531","34531","Operações Gerais","Operações Gerais"
"group_ao_345311","345311","345311","IVA Liq. - Op. gerais - Vendas","IVA Liq. - Op. gerais - Vendas"
"group_ao_3453111","3453111","3453111","IVA Liq. - Op. gerais - Vendas - 14%","IVA Liq. - Op. gerais - Vendas - 14%"
"group_ao_34531111","34531111","34531111","IVA Liq. - Op. gerais - Vendas - Mercado Interno","IVA Liq. - Op. gerais - Vendas - Mercado Interno"
"group_ao_3453112","3453112","3453112","IVA Liq. - Op. gerais - Vendas - 5%","IVA Liq. - Op. gerais - Vendas - 5%"
"group_ao_34531121","34531121","34531121","IVA Liq. - Op. gerais - Vendas - Mercado Interno","IVA Liq. - Op. gerais - Vendas - Mercado Interno"
"group_ao_3453113","3453113","3453113","IVA Liq. - Op. gerais - Vendas - 7%","IVA Liq. - Op. gerais - Vendas - 7%"
"group_ao_34531131","34531131","34531131","IVA Liq. - Op. gerais - Vendas - Mercado Interno","IVA Liq. - Op. gerais - Vendas - Mercado Interno"
"group_ao_3453114","3453114","3453114","IVA Liq. - Op. gerais - Vendas - 2%","IVA Liq. - Op. gerais - Vendas - 2%"
"group_ao_34531141","34531141","34531141","IVA Liq. - Op. gerais - Vendas - Mercado Interno/Cabinda","IVA Liq. - Op. gerais - Vendas - Mercado Interno/Cabinda"
"group_ao_345312","345312","345312","IVA Liq. - Op. gerais - Prest. Serviços","IVA Liq. - Op. gerais - Prest. Serviços"
"group_ao_3453121","3453121","3453121","IVA Liq. - Op. gerais - Prest. Serviços - 14%","IVA Liq. - Op. gerais - Prest. Serviços - 14%"
"group_ao_34531211","34531211","34531211","IVA Liq. - Op. gerais - Mercado Interno - Prest. Serviços","IVA Liq. - Op. gerais - Mercado Interno - Prest. Serviços"
"group_ao_345313","345313","345313","IVA Liq. - Op. Gerais  - Adiantamentos","IVA Liq. - Op. Gerais  - Adiantamentos"
"group_ao_3453131","3453131","3453131","IVA Liq. - Op. Gerais  - Adiant. - 14%","IVA Liq. - Op. Gerais  - Adiant. - 14%"
"group_ao_34531311","34531311","34531311","IVA Liq. - Op. Gerais  - Adiant. - 14% - Mercado Interno","IVA Liq. - Op. Gerais  - Adiant. - 14% - Mercado Interno"
"group_ao_345319","345319","345319","IVA Liq. - Op. gerais - Autoliq.","IVA Liq. - Op. gerais - Autoliq."
"group_ao_3453191","3453191","3453191","IVA Liq. - Op. gerais - Autoliq.- Serv.","IVA Liq. - Op. gerais - Autoliq.- Serv."
"group_ao_34532","34532","34532","Operações abrangidas pelo regime de IVA de caixa","Operações abrangidas pelo regime de IVA de caixa"
"group_ao_345321","345321","345321","IVA Liq. - Regime de IVA de Caixa - 14%","IVA Liq. - Regime de IVA de Caixa - 14%"
"group_ao_3453211","3453211","3453211","IVA Liq. - Regime de IVA de Caixa - Mercado Interno","IVA Liq. - Regime de IVA de Caixa - Mercado Interno"
"group_ao_34533","34533","34533","Autoconsumo e operações gratuitas","Autoconsumo e operações gratuitas"
"group_ao_345331","345331","345331","IVA Liq. - AutoCon. Op. Grat. 14%","IVA Liq. - AutoCon. Op. Grat. 14%"
"group_ao_3453311","3453311","3453311","IVA Liq. - AutoCon. Op. Grat. - Mercado Interno","IVA Liq. - AutoCon. Op. Grat. - Mercado Interno"
"group_ao_34534","34534","34534","Operações especiais","Operações especiais"
"group_ao_345341","345341","345341","IVA Liq. - Op. Esp. 14%","IVA Liq. - Op. Esp. 14%"
"group_ao_3453411","3453411","3453411","IVA Liq. - Op. Esp. - Mercado Interno","IVA Liq. - Op. Esp. - Mercado Interno"
"group_ao_3454","3454","3454","IVA Regularizações","IVA Regularizações"
"group_ao_34541","34541","34541","IVA Reg. Mensais a favor do sujeito passivo","IVA Reg. Mensais a favor do sujeito passivo"
"group_ao_345411","345411","345411","IVA Reg. Suj. Passivo -Op.Gerais","IVA Reg. Suj. Passivo -Op.Gerais"
"group_ao_3454111","3454111","3454111","IVA Reg. Suj. Passivo -Op.Gerais-Venda","IVA Reg. Suj. Passivo -Op.Gerais-Venda"
"group_ao_34541110","34541110","34541110","IVA Reg. Suj. Passivo -Op.Gerais-Venda-Isentas","IVA Reg. Suj. Passivo -Op.Gerais-Venda-Isentas"
"group_ao_34541111","34541111","34541111","IVA Reg. Suj. Passivo.-Op.Gerais-Vendas - 14%","IVA Reg. Suj. Passivo.-Op.Gerais-Vendas - 14%"
"group_ao_3454112","3454112","3454112","IVA Reg. Suj. Passivo.-Op.Gerais-Prest.Serv.","IVA Reg. Suj. Passivo.-Op.Gerais-Prest.Serv."
"group_ao_34541121","34541121","34541121","IVA Reg. Suj. Passivo.-Op.Gerais-Prest.Serv. - 14%","IVA Reg. Suj. Passivo.-Op.Gerais-Prest.Serv. - 14%"
"group_ao_34542","34542","34542","IVA Reg. Mensais a favor do Estado","IVA Reg. Mensais a favor do Estado"
"group_ao_345421","345421","345421","IVA Reg. Mensais favor do Estado - Existencias","IVA Reg. Mensais favor do Estado - Existencias"
"group_ao_3454210","3454210","3454210","IVA Reg. Mensais favor do Est. -Existencias-Isentas","IVA Reg. Mensais favor do Est. -Existencias-Isentas"
"group_ao_3454211","3454211","3454211","IVA Reg. Mensais favor do Est.-Existencias - 14%","IVA Reg. Mensais favor do Est.-Existencias - 14%"
"group_ao_345422","345422","345422","IVA Reg. Mensais Est.-Meios Fixos e Investimentos","IVA Reg. Mensais Est.-Meios Fixos e Investimentos"
"group_ao_3454220","3454220","3454220","IVA Reg. Mensais Est.-Meios Fixos e Investimentos-Isentas","IVA Reg. Mensais Est.-Meios Fixos e Investimentos-Isentas"
"group_ao_3454221","3454221","3454221","IVA Reg. Mensais Est.-Meios Fixos e Investimentos - 14%","IVA Reg. Mensais Est.-Meios Fixos e Investimentos - 14%"
"group_ao_345423","345423","345423","IVA Reg. Mensais Est.-Outros bens e serviços","IVA Reg. Mensais Est.-Outros bens e serviços"
"group_ao_3454230","3454230","3454230","IVA Reg. Est.-Outros bens e serviços-Isentas","IVA Reg. Est.-Outros bens e serviços-Isentas"
"group_ao_3454231","3454231","3454231","IVA Reg. Est.-Outros bens e serviços 14%","IVA Reg. Est.-Outros bens e serviços 14%"
"group_ao_3455","3455","3455","IVA apuramento","IVA apuramento"
"group_ao_3456","3456","3456","IVA a pagar","IVA a pagar"
"group_ao_3457","3457","3457","IVA a Recuperar","IVA a Recuperar"
"group_ao_3458","3458","3458","IVA reembolsos pedidos","IVA reembolsos pedidos"
"group_ao_3459","3459","3459","IVA Liquidações Oficiosas","IVA Liquidações Oficiosas"
"group_ao_347","347","347","Imposto de selo","Imposto de selo"
"group_ao_346","346","346","Certificado de Crédito Fiscal a Compensar","Certificado de Crédito Fiscal a Compensar"
"group_ao_348","348","348","Subsídios a preços","Subsídios a preços"
"group_ao_349","349","349","Outros impostos","Outros impostos"
"group_ao_3492","3492","3492","Instituto Nacional de Segurança Social","Instituto Nacional de Segurança Social"
"group_ao_35","35","35","ENTIDADES PARTICIPANTES E PARTICIPADAS","ENTIDADES PARTICIPANTES E PARTICIPADAS"
"group_ao_351","351","351","Entidades participantes","Entidades participantes"
"group_ao_3511","3511","3511","Estado","Estado"
"group_ao_3512","3512","3512","Empresas do grupo - subsidiárias","Empresas do grupo - subsidiárias"
"group_ao_3513","3513","3513","Empresas do grupo - associadas","Empresas do grupo - associadas"
"group_ao_3514","3514","3514","Outros","Outros"
"group_ao_352","352","352","Entidades participadas","Entidades participadas"
"group_ao_3521","3521","3521","Estado","Estado"
"group_ao_3522","3522","3522","Empresas do grupo - subsidiárias","Empresas do grupo - subsidiárias"
"group_ao_3523","3523","3523","Empresas do grupo - associadas","Empresas do grupo - associadas"
"group_ao_3524","3524","3524","Outros","Outros"
"group_ao_36","36","36","PESSOAL","PESSOAL"
"group_ao_361","361","361","Pessoal - remunerações","Pessoal - remunerações"
"group_ao_3611","3611","3611","Órgãos sociais","Órgãos sociais"
"group_ao_3612","3612","3612","Pessoal","Pessoal"
"group_ao_362","362","362","Pessoal - participação nos resultados","Pessoal - participação nos resultados"
"group_ao_3621","3621","3621","Órgãos sociais","Órgãos sociais"
"group_ao_3622","3622","3622","Pessoal","Pessoal"
"group_ao_363","363","363","Pessoal - adiantamentos","Pessoal - adiantamentos"
"group_ao_3631","3631","3631","Adiantamentos orgãos sociais","Adiantamentos orgãos sociais"
"group_ao_3632","3632","3632","Adiantamentos pessoal","Adiantamentos pessoal"
"group_ao_369","369","369","Pessoal - outros","Pessoal - outros"
"group_ao_3691","3691","3691","Órgãos sociais - outros","Órgãos sociais - outros"
"group_ao_3692","3692","3692","Pessoal - outros","Pessoal - outros"
"group_ao_37","37","37","OUTROS VALORES A RECEBER E A PAGAR","OUTROS VALORES A RECEBER E A PAGAR"
"group_ao_371","371","371","Compras de imobilizado","Compras de imobilizado"
"group_ao_3711","3711","3711","Corpóreo","Corpóreo"
"group_ao_37111","37111","37111","Não grupo","Não grupo"
"group_ao_3712","3712","3712","Incorpóreo","Incorpóreo"
"group_ao_37121","37121","37121","Não grupo","Não grupo"
"group_ao_3713","3713","3713","Financeiro","Financeiro"
"group_ao_37131","37131","37131","Não grupo","Não grupo"
"group_ao_372","372","372","Vendas de imobilizado","Vendas de imobilizado"
"group_ao_3721","3721","3721","Corpóreo","Corpóreo"
"group_ao_37211","37211","37211","Não grupo","Não grupo"
"group_ao_3722","3722","3722","Incorpóreo","Incorpóreo"
"group_ao_37221","37221","37221","Não grupo","Não grupo"
"group_ao_3723","3723","3723","Financeiro","Financeiro"
"group_ao_37231","37231","37231","Não grupo","Não grupo"
"group_ao_373","373","373","Proveitos a facturar","Proveitos a facturar"
"group_ao_374","374","374","Encargos a repartir por períodos futuros","Encargos a repartir por períodos futuros"
"group_ao_375","375","375","Encargos a pagar","Encargos a pagar"
"group_ao_376","376","376","Proveitos a repartir por períodos futuros","Proveitos a repartir por períodos futuros"
"group_ao_377","377","377","Contas Transitórias","Contas Transitórias"
"group_ao_379","379","379","Outros valores a receber e a pagar","Outros valores a receber e a pagar"
"group_ao_38","38","38","PROVISOES PARA COBRANÇAS DUVIDOSAS","PROVISOES PARA COBRANÇAS DUVIDOSAS"
"group_ao_381","381","381","Provisões para clientes","Provisões para clientes"
"group_ao_3811","3811","3811","Clientes - correntes","Clientes - correntes"
"group_ao_3812","3812","3812","Clientes - títulos a receber","Clientes - títulos a receber"
"group_ao_3813","3813","3813","Clientes - cobrança duvidosa","Clientes - cobrança duvidosa"
"group_ao_382","382","382","Provisões para saldos devedores de fornecedores","Provisões para saldos devedores de fornecedores"
"group_ao_383","383","383","Provisões p/participantes e participadas","Provisões p/participantes e participadas"
"group_ao_384","384","384","Provisões p/ dívidas do pessoal","Provisões p/ dívidas do pessoal"
"group_ao_389","389","389","Provisões para outros saldos a receber","Provisões para outros saldos a receber"
"group_ao_39","39","39","PROVISOES PARA OUTROS RISCOS E ENCARGOS","PROVISOES PARA OUTROS RISCOS E ENCARGOS"
"group_ao_391","391","391","Provisões para pensões","Provisões para pensões"
"group_ao_392","392","392","Provisões para processos judiciais em curso","Provisões para processos judiciais em curso"
"group_ao_393","393","393","Provisões para acidentes de trabalho","Provisões para acidentes de trabalho"
"group_ao_394","394","394","Provisões para garantias dadas a clientes","Provisões para garantias dadas a clientes"
"group_ao_399","399","399","Provisões para outros riscos e encargos","Provisões para outros riscos e encargos"
"group_ao_4","4","4","MEIOS MONETARIOS","MEIOS MONETARIOS"
"group_ao_41","41","41","TITULOS NEGOCIAVEIS","TITULOS NEGOCIAVEIS"
"group_ao_411","411","411","Acções","Acções"
"group_ao_412","412","412","Obrigações","Obrigações"
"group_ao_413","413","413","Títulos da dívida pública","Títulos da dívida pública"
"group_ao_42","42","42","DEPOSITOS A PRAZO","DEPOSITOS A PRAZO"
"group_ao_421","421","421","Moeda nacional","Moeda nacional"
"group_ao_422","422","422","Moeda estrangeira","Moeda estrangeira"
"group_ao_43","43","43","DEPOSITOS A ORDEM","DEPOSITOS A ORDEM"
"group_ao_431","431","431","Moeda nacional","Moeda nacional"
"group_ao_432","432","432","Moeda estrangeira","Moeda estrangeira"
"group_ao_44","44","44","OUTROS DEPOSITOS","OUTROS DEPOSITOS"
"group_ao_441","441","441","Moedas nacional","Moedas nacional"
"group_ao_442","442","442","Moeda estrangeira","Moeda estrangeira"
"group_ao_45","45","45","CAIXA","CAIXA"
"group_ao_451","451","451","Fundo fixo","Fundo fixo"
"group_ao_452","452","452","Valores para depositar","Valores para depositar"
"group_ao_453","453","453","Valores destinados a pagamentos específicos","Valores destinados a pagamentos específicos"
"group_ao_47","47","47","TRANSFERÊNCIAS/INTERMEDIAS DE LIQUIDEZ","TRANSFERÊNCIAS/INTERMEDIAS DE LIQUIDEZ"
"group_ao_48","48","48","CONTAS TRANSITORIAS","CONTAS TRANSITORIAS"
"group_ao_481","481","481","Bancos","Bancos"
"group_ao_49","49","49","PROVISOES PARA APLICACOES DE TESOURARIA","PROVISOES PARA APLICACOES DE TESOURARIA"
"group_ao_491","491","491","Títulos negociáveis","Títulos negociáveis"
"group_ao_492","492","492","Outras aplicações de tesouraria","Outras aplicações de tesouraria"
"group_ao_5","5","5","CAPITAL E RESERVAS","CAPITAL E RESERVAS"
"group_ao_51","51","51","CAPITAL","CAPITAL"
"group_ao_52","52","52","ACCOES/QUOTAS PROPRIAS","ACCOES/QUOTAS PROPRIAS"
"group_ao_521","521","521","Valor nominal","Valor nominal"
"group_ao_522","522","522","Descontos","Descontos"
"group_ao_523","523","523","Prémios","Prémios"
"group_ao_53","53","53","PREMIOS DE EMISSAO","PREMIOS DE EMISSAO"
"group_ao_54","54","54","PRESTACOES SUPLEMENTARES","PRESTACOES SUPLEMENTARES"
"group_ao_55","55","55","RESERVAS LEGAIS","RESERVAS LEGAIS"
"group_ao_56","56","56","RESERVAS DE REAVALIACAO","RESERVAS DE REAVALIACAO"
"group_ao_561","561","561","Legais","Legais"
"group_ao_562","562","562","Autónomas","Autónomas"
"group_ao_57","57","57","RESERVAS COM FINS ESPECIAIS","RESERVAS COM FINS ESPECIAIS"
"group_ao_58","58","58","RESERVAS LIVRES","RESERVAS LIVRES"
"group_ao_6","6","6","PROVEITOS E GANHOS POR NATUREZA","PROVEITOS E GANHOS POR NATUREZA"
"group_ao_61","61","61","VENDAS","VENDAS"
"group_ao_611","611","611","Produtos acabados e intermédios","Produtos acabados e intermédios"
"group_ao_6112","6112","6112","Mercado estrangeiro","Mercado estrangeiro"
"group_ao_612","612","612","Subprodutos, desperdícios, resíduos e refugos","Subprodutos, desperdícios, resíduos e refugos"
"group_ao_6122","6122","6122","Mercado estrangeiro","Mercado estrangeiro"
"group_ao_613","613","613","Mercadorias","Mercadorias"
"group_ao_6132","6132","6132","Mercado estrangeiro","Mercado estrangeiro"
"group_ao_614","614","614","Embalagens de consumo","Embalagens de consumo"
"group_ao_6142","6142","6142","Mercado estrangeiro","Mercado estrangeiro"
"group_ao_615","615","615","Subsídios a preços","Subsídios a preços"
"group_ao_617","617","617","Devoluções","Devoluções"
"group_ao_6171","6171","6171","Mercado nacional","Mercado nacional"
"group_ao_6172","6172","6172","Mercado estrangeiro","Mercado estrangeiro"
"group_ao_61721","61721","61721","Mercado africano","Mercado africano"
"group_ao_61722","61722","61722","Outros mercados","Outros mercados"
"group_ao_618","618","618","Descontos e abatimentos","Descontos e abatimentos"
"group_ao_6181","6181","6181","Mercado nacional","Mercado nacional"
"group_ao_6182","6182","6182","Mercado estrangeiro","Mercado estrangeiro"
"group_ao_61821","61821","61821","Mercado africano","Mercado africano"
"group_ao_61822","61822","61822","Outros mercados","Outros mercados"
"group_ao_62","62","62","PRESTACOES DE SERVICOS","PRESTACOES DE SERVICOS"
"group_ao_621","621","621","Serviços principais","Serviços principais"
"group_ao_6211","6211","6211","Mercado nacional","Mercado nacional"
"group_ao_6212","6212","6212","Mercado estrangeiro","Mercado estrangeiro"
"group_ao_622","622","622","Serviços secundários","Serviços secundários"
"group_ao_6222","6222","6222","Mercado estrangeiro","Mercado estrangeiro"
"group_ao_628","628","628","Descontos e abatimentos","Descontos e abatimentos"
"group_ao_6282","6282","6282","Mercado estrangeiro","Mercado estrangeiro"
"group_ao_63","63","63","OUTROS PROVEITOS OPERACIONAIS","OUTROS PROVEITOS OPERACIONAIS"
"group_ao_631","631","631","Serviços suplementares","Serviços suplementares"
"group_ao_632","632","632","Royalties","Royalties"
"group_ao_633","633","633","Subsídios a exploração","Subsídios a exploração"
"group_ao_634","634","634","Subsídios a investimentos","Subsídios a investimentos"
"group_ao_638","638","638","Outros Proveitos e ganhos operacionais","Outros Proveitos e ganhos operacionais"
"group_ao_64","64","64","VARIACAO NOS INVENTARIOS DE PRODUTOS ACABADOS E DE PRODUCAO EM CURSO","VARIACAO NOS INVENTARIOS DE PRODUTOS ACABADOS E DE PRODUCAO EM CURSO"
"group_ao_641","641","641","Produtos e trabalhos em curso","Produtos e trabalhos em curso"
"group_ao_642","642","642","Produtos acabados","Produtos acabados"
"group_ao_643","643","643","Produtos intermédios","Produtos intermédios"
"group_ao_65","65","65","TRABALHOS PARA A PROPRIA EMPRESA","TRABALHOS PARA A PROPRIA EMPRESA"
"group_ao_651","651","651","Para imobilizado","Para imobilizado"
"group_ao_652","652","652","Para encargos a repartir por exercícios futuros","Para encargos a repartir por exercícios futuros"
"group_ao_66","66","66","PROVEITOS E GANHOS FINANCEIROS GERAIS","PROVEITOS E GANHOS FINANCEIROS GERAIS"
"group_ao_661","661","661","Juros","Juros"
"group_ao_6611","6611","6611","De investimentos financeiros","De investimentos financeiros"
"group_ao_6612","6612","6612","De mora relativos a dívidas de terceiros","De mora relativos a dívidas de terceiros"
"group_ao_662","662","662","Diferenças de câmbio favoráveis","Diferenças de câmbio favoráveis"
"group_ao_663","663","663","Descontos de pronto pagamento obtidos","Descontos de pronto pagamento obtidos"
"group_ao_664","664","664","Rendimentos de investimentos em Imóveis","Rendimentos de investimentos em Imóveis"
"group_ao_665","665","665","Rendimento de participações de capital","Rendimento de participações de capital"
"group_ao_666","666","666","Ganhos na alienação de aplicações financeiras","Ganhos na alienação de aplicações financeiras"
"group_ao_6661","6661","6661","Investimentos financeiros","Investimentos financeiros"
"group_ao_6662","6662","6662","Títulos negociáveis","Títulos negociáveis"
"group_ao_667","667","667","Reposição de provisões","Reposição de provisões"
"group_ao_6671","6671","6671","Investimentos financeiros","Investimentos financeiros"
"group_ao_6672","6672","6672","Aplicações de tesouraria","Aplicações de tesouraria"
"group_ao_67","67","67","PROVEITOS E GANHOS FINANCEIROS EM SUBSIDIARIAS E ASSOCIADAS","PROVEITOS E GANHOS FINANCEIROS EM SUBSIDIARIAS E ASSOCIADAS"
"group_ao_671","671","671","Rendimento de participações de capital","Rendimento de participações de capital"
"group_ao_68","68","68","OUTROS PROVEITOS E GANHOS NAO OPERACIONAIS","OUTROS PROVEITOS E GANHOS NAO OPERACIONAIS"
"group_ao_6801","6801","6801","Redução de provisões","Redução de provisões"
"group_ao_68011","68011","68011","Existências","Existências"
"group_ao_68012","68012","68012","Cobranças duvidosas","Cobranças duvidosas"
"group_ao_68013","68013","68013","Riscos e encargos","Riscos e encargos"
"group_ao_6802","6802","6802","Anulação de amortizações extraordinárias","Anulação de amortizações extraordinárias"
"group_ao_6803","6803","6803","Ganhos em imobilizações","Ganhos em imobilizações"
"group_ao_6804","6804","6804","Ganhos em existências","Ganhos em existências"
"group_ao_6805","6805","6805","Recuperação de dívidas","Recuperação de dívidas"
"group_ao_6806","6806","6806","Benefícios de penalidades contratuais","Benefícios de penalidades contratuais"
"group_ao_6808","6808","6808","Descontinuidade de operações","Descontinuidade de operações"
"group_ao_6809","6809","6809","Alterações de políticas contabilísticas","Alterações de políticas contabilísticas"
"group_ao_6810","6810","6810","Correcções relativas a exercícios anteriores","Correcções relativas a exercícios anteriores"
"group_ao_6811","6811","6811","Outros ganhos e perdas não operacionais","Outros ganhos e perdas não operacionais"
"group_ao_69","69","69","PROVEITOS E GANHOS EXTRAORDINARIOS","PROVEITOS E GANHOS EXTRAORDINARIOS"
"group_ao_691","691","691","Ganhos resultantes de catástrofes naturais","Ganhos resultantes de catástrofes naturais"
"group_ao_692","692","692","Ganhos resultantes de convulsões políticas","Ganhos resultantes de convulsões políticas"
"group_ao_693","693","693","Ganhos resultantes de expropriações","Ganhos resultantes de expropriações"
"group_ao_694","694","694","Ganhos resultantes de sinistros","Ganhos resultantes de sinistros"
"group_ao_695","695","695","Subsídios","Subsídios"
"group_ao_696","696","696","Anulação de passivos não exigíveis","Anulação de passivos não exigíveis"
"group_ao_7","7","7","CUSTOS E PERDAS POR NATUREZA","CUSTOS E PERDAS POR NATUREZA"
"group_ao_71","71","71","CUSTOS DAS EXISTENCIAS VENDIDAS","CUSTOS DAS EXISTENCIAS VENDIDAS"
"group_ao_711","711","711","Matérias-primas","Matérias-primas"
"group_ao_712","712","712","Matérias subsidiárias","Matérias subsidiárias"
"group_ao_713","713","713","Materiais diversos","Materiais diversos"
"group_ao_714","714","714","Embalagens de consumo","Embalagens de consumo"
"group_ao_715","715","715","Outros materiais","Outros materiais"
"group_ao_72","72","72","CUSTOS COM O PESSOAL","CUSTOS COM O PESSOAL"
"group_ao_721","721","721","Remunerações - orgãos sociais","Remunerações - orgãos sociais"
"group_ao_722","722","722","Remunerações - pessoal","Remunerações - pessoal"
"group_ao_7221","7221","7221","Rp - Administratrativo/Outros","Rp - Administratrativo/Outros"
"group_ao_7222","7222","7222","Rp - Produção","Rp - Produção"
"group_ao_723","723","723","Pensões","Pensões"
"group_ao_7232","7232","7232","Pessoal","Pessoal"
"group_ao_724","724","724","Prémios para pensões","Prémios para pensões"
"group_ao_7242","7242","7242","Pessoal","Pessoal"
"group_ao_725","725","725","Encargos sobre remunerações","Encargos sobre remunerações"
"group_ao_7251","7251","7251","Orgãos sociais","Orgãos sociais"
"group_ao_7252","7252","7252","Pessoal","Pessoal"
"group_ao_726","726","726","Seguros de acidentes de trabalho e doenças profissionais","Seguros de acidentes de trabalho e doenças profissionais"
"group_ao_7262","7262","7262","Pessoal","Pessoal"
"group_ao_727","727","727","Formação","Formação"
"group_ao_7272","7272","7272","Pessoal","Pessoal"
"group_ao_728","728","728","Outras despesas com o pessoal","Outras despesas com o pessoal"
"group_ao_7281","7281","7281","Órgãos socias","Órgãos socias"
"group_ao_7282","7282","7282","Pessoal","Pessoal"
"group_ao_72821","72821","72821","Administrativo/outros","Administrativo/outros"
"group_ao_72822","72822","72822","Produção","Produção"
"group_ao_73","73","73","AMORTIZACOES DO EXERCICIO","AMORTIZACOES DO EXERCICIO"
"group_ao_731","731","731","Imobilizações corpóreas","Imobilizações corpóreas"
"group_ao_732","732","732","Imobilizações incorpóreas","Imobilizações incorpóreas"
"group_ao_75","75","75","OUTROS CUSTOS E PERDAS OPERACIONAIS","OUTROS CUSTOS E PERDAS OPERACIONAIS"
"group_ao_751","751","751","Sub-contratos","Sub-contratos"
"group_ao_7512","7512","7512","Estrangeiros","Estrangeiros"
"group_ao_752","752","752","Fornecimento de serviços de terceiros","Fornecimento de serviços de terceiros"
"group_ao_75213","75213","75213","Combutíveis e outros fluídos","Combutíveis e outros fluídos"
"group_ao_75214","75214","75214","Conservação e reparação","Conservação e reparação"
"group_ao_75219","75219","75219","Outros fornecimentos","Outros fornecimentos"
"group_ao_75221","75221","75221","Rendas e alugueres","Rendas e alugueres"
"group_ao_75222","75222","75222","Seguros","Seguros"
"group_ao_75226","75226","75226","Conservação e reparação","Conservação e reparação"
"group_ao_75231","75231","75231","Comissões a Intermediários","Comissões a Intermediários"
"group_ao_752312","752312","752312","Estrangeiros","Estrangeiros"
"group_ao_75232","75232","75232","Assistência técnica","Assistência técnica"
"group_ao_752322","752322","752322","Estrangeiros","Estrangeiros"
"group_ao_75233","75233","75233","Trabalhos executados no exterior","Trabalhos executados no exterior"
"group_ao_75234","75234","75234","Honorários e avenças","Honorários e avenças"
"group_ao_75239","75239","75239","Outros serviços","Outros serviços"
"group_ao_753","753","753","Impostos","Impostos"
"group_ao_7531","7531","7531","Indirectos","Indirectos"
"group_ao_7532","7532","7532","Directos","Directos"
"group_ao_75329","75329","75329","Outros Impostos","Outros Impostos"
"group_ao_754","754","754","Despesas confidenciais","Despesas confidenciais"
"group_ao_755","755","755","Quotizações","Quotizações"
"group_ao_756","756","756","Ofertas e amostras de existências","Ofertas e amostras de existências"
"group_ao_757","757","757","Autofaturação","Autofaturação"
"group_ao_75701","75701","75701","Conservação e Reparação - Serviços","Conservação e Reparação - Serviços"
"group_ao_75709","75709","75709","Conservação e Reparação - Bens","Conservação e Reparação - Bens"
"group_ao_758","758","758","Outros Custos e perdas operacionais","Outros Custos e perdas operacionais"
"group_ao_76","76","76","CUSTOS E PERDAS FINANCEIROS GERAIS","CUSTOS E PERDAS FINANCEIROS GERAIS"
"group_ao_761","761","761","Juros","Juros"
"group_ao_7611","7611","7611","De empréstimos","De empréstimos"
"group_ao_762","762","762","Diferenças de câmbio desfavoráveis","Diferenças de câmbio desfavoráveis"
"group_ao_763","763","763","Descontos de pronto pagamento concedidos","Descontos de pronto pagamento concedidos"
"group_ao_764","764","764","Amortizações de investimentos em imóveis","Amortizações de investimentos em imóveis"
"group_ao_765","765","765","Provisões para aplicações financeiras","Provisões para aplicações financeiras"
"group_ao_7651","7651","7651","Investimentos financeiros","Investimentos financeiros"
"group_ao_7652","7652","7652","Aplicações de tesouraria","Aplicações de tesouraria"
"group_ao_766","766","766","Perdas na alienação de aplicações financeiras","Perdas na alienação de aplicações financeiras"
"group_ao_7661","7661","7661","Investimentos financeiros","Investimentos financeiros"
"group_ao_767","767","767","Serviços bancários","Serviços bancários"
"group_ao_77","77","77","CUSTOS E PERDAS FINANCEIROS EM FILIAIS E ASSOCIADAS","CUSTOS E PERDAS FINANCEIROS EM FILIAIS E ASSOCIADAS"
"group_ao_78","78","78","OUTROS CUSTOS E PERDAS NAO OPERACIONAIS","OUTROS CUSTOS E PERDAS NAO OPERACIONAIS"
"group_ao_7801","7801","7801","Provisões do exercício","Provisões do exercício"
"group_ao_78011","78011","78011","Existências","Existências"
"group_ao_78012","78012","78012","Cobranças duvidosas","Cobranças duvidosas"
"group_ao_78013","78013","78013","Riscos e encargos","Riscos e encargos"
"group_ao_7802","7802","7802","Amortizações extraordinárias","Amortizações extraordinárias"
"group_ao_7803","7803","7803","Perdas em imobilizações","Perdas em imobilizações"
"group_ao_7804","7804","7804","Perdas em existências","Perdas em existências"
"group_ao_7805","7805","7805","Dívidas incobráveis","Dívidas incobráveis"
"group_ao_7806","7806","7806","Multas e penalidades contratuais","Multas e penalidades contratuais"
"group_ao_7807","7807","7807","Custos de reestruturação","Custos de reestruturação"
"group_ao_7808","7808","7808","Descontinuidade de operações","Descontinuidade de operações"
"group_ao_7809","7809","7809","Alterações de políticas contabilísticas","Alterações de políticas contabilísticas"
"group_ao_7810","7810","7810","Correcções relativas a exercícios anteriores","Correcções relativas a exercícios anteriores"
"group_ao_7811","7811","7811","Outros Custos e perdas não operacionais","Outros Custos e perdas não operacionais"
"group_ao_79","79","79","CUSTOS E PERDAS EXTRAORDINARIOS","CUSTOS E PERDAS EXTRAORDINARIOS"
"group_ao_791","791","791","Perdas resultantes de catástrofes naturais","Perdas resultantes de catástrofes naturais"
"group_ao_792","792","792","Perdas resultantes de convulções politicas","Perdas resultantes de convulções politicas"
"group_ao_793","793","793","Perdas resultantes de expropriações","Perdas resultantes de expropriações"
"group_ao_794","794","794","Perdas resultantes de sinistros","Perdas resultantes de sinistros"
"group_ao_8","8","8","RESULTADOS","RESULTADOS"
"group_ao_81","81","81","RESULTADOS TRANSITADOS","RESULTADOS TRANSITADOS"
"group_ao_811","811","811","Ano....................","Ano...................."
"group_ao_812","812","812","Ano....................","Ano...................."
"group_ao_82","82","82","RESULTADOS OPERACIONAIS","RESULTADOS OPERACIONAIS"
"group_ao_83","83","83","RESULTADOS FINANCEIROS","RESULTADOS FINANCEIROS"
"group_ao_84","84","84","RESULTADOS FINANCEIROS EM FILIAIS E ASSOCIADAS","RESULTADOS FINANCEIROS EM FILIAIS E ASSOCIADAS"
"group_ao_85","85","85","RESULTADOS NAO OPERACIONAIS","RESULTADOS NAO OPERACIONAIS"
"group_ao_86","86","86","RESULTADOS EXTRAORDINARIOS","RESULTADOS EXTRAORDINARIOS"
"group_ao_87","87","87","IMPOSTOS SOBRE OS LUCROS","IMPOSTOS SOBRE OS LUCROS"
"group_ao_88","88","88","RESULTADOS LIQUIDOS DO EXERCICIO","RESULTADOS LIQUIDOS DO EXERCICIO"
"group_ao_89","89","89","DIVIDENDOS ANTECIPADOS","DIVIDENDOS ANTECIPADOS"
"group_ao_9","9","9","LUCROS E PREJUÍZOS NÃO DISTRIBUÍDOS","LUCROS E PREJUÍZOS NÃO DISTRIBUÍDOS"

